-- phpMyAdmin SQL Dump
-- version 5.2.0
-- https://www.phpmyadmin.net/
--
-- Хост: 127.0.0.1:3306
-- Время создания: Фев 21 2023 г., 17:16
-- Версия сервера: 5.7.39
-- Версия PHP: 7.2.34

SET SQL_MODE = "NO_AUTO_VALUE_ON_ZERO";
START TRANSACTION;
SET time_zone = "+00:00";


/*!40101 SET @OLD_CHARACTER_SET_CLIENT=@@CHARACTER_SET_CLIENT */;
/*!40101 SET @OLD_CHARACTER_SET_RESULTS=@@CHARACTER_SET_RESULTS */;
/*!40101 SET @OLD_COLLATION_CONNECTION=@@COLLATION_CONNECTION */;
/*!40101 SET NAMES utf8mb4 */;

--
-- База данных: `evote`
--

-- --------------------------------------------------------

--
-- Структура таблицы `documents`
--

CREATE TABLE `documents` (
  `document_id` int(11) NOT NULL,
  `title` varchar(300) COLLATE utf8mb4_unicode_ci NOT NULL,
  `date` date NOT NULL,
  `owner_id` int(11) NOT NULL,
  `unit_id` int(11) NOT NULL,
  `fraction` varchar(20) COLLATE utf8mb4_unicode_ci NOT NULL,
  `activity` tinyint(1) NOT NULL
) ENGINE=InnoDB DEFAULT CHARSET=utf8mb4 COLLATE=utf8mb4_unicode_ci;

--
-- Дамп данных таблицы `documents`
--

INSERT INTO `documents` (`document_id`, `title`, `date`, `owner_id`, `unit_id`, `fraction`, `activity`) VALUES
(1, 'Выписка из ЕГРН №1', '2030-09-20', 1, 111, '1/2', 1),
(2, 'Выписка из ЕГРН №2', '2001-10-20', 2, 111, '1/2', 1),
(3, 'Выписка из ЕГРН №3', '2002-10-20', 3, 112, '1/3', 1),
(4, 'Выписка из ЕГРН №4', '2003-10-20', 4, 112, '2/3', 1),
(5, 'Выписка из ЕГРН №5', '2004-10-20', 1, 135, '1', 1),
(6, 'Выписка из ЕГРН №6', '2005-10-20', 5, 113, '1', 1),
(7, 'Выписка из ЕГРН №7', '2006-10-20', 6, 114, '1', 1),
(8, 'Выписка из ЕГРН №8', '2007-10-20', 7, 115, '1', 1),
(9, 'Выписка из ЕГРН №9', '2008-10-20', 8, 116, '1', 1),
(10, 'Выписка из ЕГРН №10', '2009-10-20', 9, 117, '1', 1),
(11, 'Выписка из ЕГРН №11', '2010-10-20', 10, 118, '1', 1),
(12, 'Выписка из ЕГРН №12', '2011-10-20', 11, 119, '1', 1),
(13, 'Выписка из ЕГРН №13', '2012-10-20', 12, 120, '1', 1),
(14, 'Выписка из ЕГРН №14', '2013-10-20', 13, 121, '1', 1),
(15, 'Выписка из ЕГРН №15', '2014-10-20', 14, 122, '1', 1),
(16, 'Выписка из ЕГРН №16', '2015-10-20', 15, 123, '1', 1),
(17, 'Выписка из ЕГРН №17', '2016-10-20', 16, 124, '1', 1),
(18, 'Выписка из ЕГРН №18', '2017-10-20', 17, 125, '1', 1),
(19, 'Выписка из ЕГРН №19', '2018-10-20', 18, 126, '1', 1),
(20, 'Выписка из ЕГРН №20', '2019-10-20', 19, 127, '1', 1),
(21, 'Выписка из ЕГРН №21', '2020-10-20', 20, 128, '1', 1),
(22, 'Выписка из ЕГРН №22', '2021-10-20', 21, 129, '1', 1),
(23, 'Выписка из ЕГРН №23', '2022-10-20', 22, 130, '1', 1),
(24, 'Выписка из ЕГРН №24', '2023-10-20', 23, 131, '1', 1),
(25, 'Выписка из ЕГРН №25', '2024-10-20', 24, 132, '1', 1),
(26, 'Выписка из ЕГРН №26', '2025-10-20', 10, 133, '1', 1),
(27, 'Выписка из ЕГРН №27', '2026-10-20', 15, 134, '1', 1),
(28, 'Выписка из ЕГРН №28', '2027-10-20', 16, 136, '1', 1),
(29, 'Выписка из ЕГРН №29', '2028-10-20', 17, 137, '1', 1),
(30, 'Выписка из ЕГРН №30', '2029-10-20', 18, 138, '1', 1),
(31, 'Выписка из ЕГРН №31', '2030-10-20', 19, 139, '1', 1),
(32, 'Выписка из ЕГРН №32', '2031-10-20', 20, 140, '1', 1),
(33, 'Выписка из ЕГРН №33', '2001-11-20', 21, 141, '1', 1),
(34, 'Выписка из ЕГРН №34', '2002-11-20', 22, 142, '1', 1),
(35, 'Выписка из ЕГРН №35', '2003-11-20', 23, 143, '1', 1),
(36, 'Выписка из ЕГРН №36', '2004-11-20', 24, 144, '1', 1),
(37, 'Выписка из ЕГРН №37', '2005-11-20', 7, 145, '1', 1),
(38, 'Выписка из ЕГРН №38', '2006-11-20', 8, 146, '1', 1);

-- --------------------------------------------------------

--
-- Структура таблицы `owners`
--

CREATE TABLE `owners` (
  `owner_id` int(11) NOT NULL,
  `lastname` varchar(50) COLLATE utf8mb4_unicode_ci NOT NULL,
  `name` varchar(50) COLLATE utf8mb4_unicode_ci NOT NULL,
  `midname` varchar(50) COLLATE utf8mb4_unicode_ci DEFAULT NULL,
  `password` varchar(20) COLLATE utf8mb4_unicode_ci NOT NULL,
  `passport` varchar(20) COLLATE utf8mb4_unicode_ci DEFAULT NULL,
  `phone` varchar(20) COLLATE utf8mb4_unicode_ci DEFAULT NULL,
  `sex` varchar(1) COLLATE utf8mb4_unicode_ci NOT NULL,
  `activity` tinyint(1) NOT NULL
) ENGINE=InnoDB DEFAULT CHARSET=utf8mb4 COLLATE=utf8mb4_unicode_ci;

--
-- Дамп данных таблицы `owners`
--

INSERT INTO `owners` (`owner_id`, `lastname`, `name`, `midname`, `password`, `passport`, `phone`, `sex`, `activity`) VALUES
(1, 'Раков', 'Тихон', 'Арсенович', '945-9199-9643', '4417184580', '+79477887318', 'm', 1),
(2, 'Левина', 'Евдокия', 'Кирилловна', '4499-7413-1502', '123882454', '+79155927616', 'f', 1),
(3, 'Карпов', 'Мирон', 'Владиславович', '5044-8651-7882', '5311343671', '+79089947464', 'm', 1),
(4, 'Гаврилова', 'Елизавета', 'Глебовна', '1528-2342-75', '1537561318', '+79706083185', 'f', 1),
(5, 'Калинин', 'Антон', 'Максимович', '3209-5319-4069', '7831693740', '+79438095026', 'm', 1),
(6, 'Волков', 'Ярослав', 'Даниилович', '5013-6895-2053', '1787368012', '+79838182435', 'm', 1),
(7, 'Филатова', 'Евгения', 'Артемьевна', '3919-6050-4824', '1550585869', '+79553132350', 'f', 1),
(8, 'Титова', 'Есения', 'Мироновна', '274-1887-6962', '267424103', '+79617890543', 'f', 1),
(9, 'Калашников', 'Лев', 'Никитич', '6886-7574-5121', '649159128', '+79155243524', 'm', 1),
(10, 'Суслов', 'Иван', 'Максимович', '8574-349-7849', '5437595387', '+79891450967', 'm', 1),
(11, 'Власов', 'Макар', 'Владимирович', '5119-1626-2692', '4755863935', '+79578442023', 'm', 1),
(12, 'Евдокимов', 'Ярослав', 'Николаевич', '1691-7798-3665', '1399677865', '+79223942515', 'm', 1),
(13, 'Котова', 'Ева', 'Ярославовна', '492-4468-9488', '4752607039', '+79056205464', 'f', 1),
(14, 'Андреев', 'Артём', 'Андреевич', '5883-5213-6091', '223855382', '+79399677762', 'm', 1),
(15, 'Устинова', 'Александра', 'Тимофеевна', '6969-8503-183', '8221598779', '+79409047592', 'f', 1),
(16, 'Смирнова', 'Алёна', 'Александровна', '911-1425-1905', '5191733726', '+79293213857', 'f', 1),
(17, 'Смирнов', 'Лев', 'Олегович', '3549-421-3910', '544278018', '+79486166403', 'm', 1),
(18, 'Степанов', 'Фёдор', 'Филиппович', '2894-2894-215', '3768122129', '+79956150106', 'm', 1),
(19, 'Кольцов', 'Дмитрий', 'Ярославович', '3669-2353-4804', '3274691418', '+79188583752', 'm', 1),
(20, 'Степанова', 'Елена', 'Васильевна', '4865-8017-7877', '043950276', '+79846360566', 'f', 1),
(21, 'Голованова', 'Виктория', 'Григорьевна', '4408-7164-834', '1041834456', '+79619486696', 'f', 1),
(22, 'Тимофеева', 'Анастасия', 'Ярославовна', '5738-4320-9632', '713663154', '+79461887671', 'f', 1),
(23, 'Шубина', 'Алиса', 'Фёдоровна', '5539-7021-5338', '6284918363', '+79115556970', 'f', 1),
(24, 'Степанов', 'Владислав', 'Александрович', '7028-5319-6143', '2998938739', '+79191546511', 'm', 1);

-- --------------------------------------------------------

--
-- Структура таблицы `units`
--

CREATE TABLE `units` (
  `unit_id` int(11) NOT NULL,
  `number` varchar(8) COLLATE utf8mb4_unicode_ci NOT NULL,
  `type_id` int(11) NOT NULL,
  `area` decimal(10,2) NOT NULL,
  `building` int(1) NOT NULL,
  `entrance` int(2) NOT NULL,
  `floor` int(2) NOT NULL
) ENGINE=InnoDB DEFAULT CHARSET=utf8mb4 COLLATE=utf8mb4_unicode_ci;

--
-- Дамп данных таблицы `units`
--

INSERT INTO `units` (`unit_id`, `number`, `type_id`, `area`, `building`, `entrance`, `floor`) VALUES
(111, '1', 1, '44.18', 1, 1, 1),
(112, '2', 1, '65.12', 1, 1, 1),
(113, '3', 1, '42.05', 1, 1, 1),
(114, '4', 1, '44.18', 1, 1, 2),
(115, '5', 1, '65.12', 1, 1, 2),
(116, '6', 1, '42.05', 1, 1, 2),
(117, '7', 1, '78.09', 1, 2, 1),
(118, '8', 1, '62.30', 1, 2, 1),
(119, '9', 1, '41.52', 1, 2, 1),
(120, '10', 1, '78.09', 1, 2, 2),
(121, '11', 1, '62.30', 1, 2, 2),
(122, '12', 1, '41.52', 1, 2, 2),
(123, '13', 1, '44.18', 2, 3, 1),
(124, '14', 1, '65.12', 2, 3, 1),
(125, '15', 1, '42.05', 2, 3, 1),
(126, '16', 1, '44.18', 2, 3, 2),
(127, '17', 1, '65.12', 2, 3, 2),
(128, '18', 1, '42.05', 2, 3, 2),
(129, '19', 1, '78.09', 2, 4, 1),
(130, '20', 1, '62.30', 2, 4, 1),
(131, '21', 1, '41.52', 2, 4, 1),
(132, '22', 1, '78.09', 2, 4, 2),
(133, '23', 1, '62.30', 2, 4, 2),
(134, '24', 1, '41.52', 2, 4, 2),
(135, 'K1', 2, '8.40', 1, 1, 1),
(136, 'K2', 2, '7.60', 1, 1, 2),
(137, 'K3', 2, '8.20', 1, 1, 3),
(138, 'K4', 2, '8.40', 2, 3, 1),
(139, 'K5', 2, '7.60', 2, 3, 2),
(140, 'K6', 2, '8.20', 2, 3, 3),
(141, 'K7', 2, '4.22', 1, 1, 0),
(142, 'K8', 2, '5.16', 1, 1, 0),
(143, 'K9', 2, '6.64', 1, 1, 0),
(144, 'K10', 2, '5.54', 2, 3, 0),
(145, 'K11', 2, '8.12', 2, 3, 0),
(146, 'K12', 2, '7.16', 2, 3, 0);

-- --------------------------------------------------------

--
-- Структура таблицы `unit_types`
--

CREATE TABLE `unit_types` (
  `unit_type_id` int(11) NOT NULL,
  `shortcode` varchar(4) COLLATE utf8mb4_unicode_ci NOT NULL,
  `description` varchar(50) COLLATE utf8mb4_unicode_ci NOT NULL
) ENGINE=InnoDB DEFAULT CHARSET=utf8mb4 COLLATE=utf8mb4_unicode_ci;

--
-- Дамп данных таблицы `unit_types`
--

INSERT INTO `unit_types` (`unit_type_id`, `shortcode`, `description`) VALUES
(1, 'pp', 'жилое'),
(2, 'npp', 'нежилое');

--
-- Индексы сохранённых таблиц
--

--
-- Индексы таблицы `documents`
--
ALTER TABLE `documents`
  ADD PRIMARY KEY (`document_id`),
  ADD KEY `owner_id` (`owner_id`),
  ADD KEY `unit_id` (`unit_id`);

--
-- Индексы таблицы `owners`
--
ALTER TABLE `owners`
  ADD PRIMARY KEY (`owner_id`);

--
-- Индексы таблицы `units`
--
ALTER TABLE `units`
  ADD PRIMARY KEY (`unit_id`),
  ADD KEY `type_id` (`type_id`);

--
-- Индексы таблицы `unit_types`
--
ALTER TABLE `unit_types`
  ADD PRIMARY KEY (`unit_type_id`);

--
-- AUTO_INCREMENT для сохранённых таблиц
--

--
-- AUTO_INCREMENT для таблицы `documents`
--
ALTER TABLE `documents`
  MODIFY `document_id` int(11) NOT NULL AUTO_INCREMENT, AUTO_INCREMENT=39;

--
-- AUTO_INCREMENT для таблицы `owners`
--
ALTER TABLE `owners`
  MODIFY `owner_id` int(11) NOT NULL AUTO_INCREMENT, AUTO_INCREMENT=25;

--
-- AUTO_INCREMENT для таблицы `units`
--
ALTER TABLE `units`
  MODIFY `unit_id` int(11) NOT NULL AUTO_INCREMENT, AUTO_INCREMENT=147;

--
-- AUTO_INCREMENT для таблицы `unit_types`
--
ALTER TABLE `unit_types`
  MODIFY `unit_type_id` int(11) NOT NULL AUTO_INCREMENT, AUTO_INCREMENT=7;

--
-- Ограничения внешнего ключа сохраненных таблиц
--

--
-- Ограничения внешнего ключа таблицы `documents`
--
ALTER TABLE `documents`
  ADD CONSTRAINT `documents_ibfk_1` FOREIGN KEY (`owner_id`) REFERENCES `owners` (`owner_id`),
  ADD CONSTRAINT `documents_ibfk_2` FOREIGN KEY (`unit_id`) REFERENCES `units` (`unit_id`);

--
-- Ограничения внешнего ключа таблицы `units`
--
ALTER TABLE `units`
  ADD CONSTRAINT `units_ibfk_1` FOREIGN KEY (`type_id`) REFERENCES `unit_types` (`unit_type_id`);
COMMIT;

/*!40101 SET CHARACTER_SET_CLIENT=@OLD_CHARACTER_SET_CLIENT */;
/*!40101 SET CHARACTER_SET_RESULTS=@OLD_CHARACTER_SET_RESULTS */;
/*!40101 SET COLLATION_CONNECTION=@OLD_COLLATION_CONNECTION */;
